-- search_path: belt-and-suspenders (ALTER DATABASE in build_kitchen_db.sh also sets it)
SET search_path = core, ops, customer, billing, audit, public;

-- Minimal seed so the app can start after tear-down and rebuild.
--   • Loads external.* raw reference data (GeoNames countries/admin1/cities/alt-names + ISO 4217) from committed TSVs.
--   • Inserts a synthetic GL (Global) row in external.geonames_country and external.geonames_city
--     to support Vianda's B2B Global market (see app/db/seed/external/README.md).
--   • 6 currency_metadata rows (USD, ARS, PEN, CLP, MXN, BRL) on top of external.iso4217_currency.
--   • 7 market_info rows (AR, PE, US, CL, MX, BR, XG). XG is Vianda's synthetic Global
--     (ISO 3166-1 user-assigned X-series; never a real country code).
--   • 2 institutions: Vianda Enterprises, Vianda Customers (both in Global market).
--   • 22+1 city_metadata rows (Global + the historic signup cities) on top of external.geonames_city.
--   • 7 country_metadata rows (6 real markets + GL) with audience flags enabled.
--   • 2 users: superadmin (human Super Admin), system bot (automated operations).
-- FKs that point at user_info / city_metadata are dropped so self-referential seed inserts work;
-- re-added at the end.

-- -----------------------------------------------------------------------------
-- Drop FKs temporarily so we can insert in the right order despite cycles
-- -----------------------------------------------------------------------------

ALTER TABLE institution_info
  DROP CONSTRAINT IF EXISTS fk_institution_info_modified_by,
  DROP CONSTRAINT IF EXISTS fk_institution_info_created_by;

ALTER TABLE institution_history
  DROP CONSTRAINT IF EXISTS fk_institution_history_modified_by,
  DROP CONSTRAINT IF EXISTS fk_institution_history_created_by;

ALTER TABLE user_info
  DROP CONSTRAINT IF EXISTS fk_user_info_modified_by,
  DROP CONSTRAINT IF EXISTS fk_user_info_institution_id,
  DROP CONSTRAINT IF EXISTS user_info_market_id_fkey,
  DROP CONSTRAINT IF EXISTS user_info_city_metadata_id_fkey;

ALTER TABLE core.currency_metadata
  DROP CONSTRAINT IF EXISTS currency_metadata_modified_by_fkey;
ALTER TABLE audit.currency_metadata_history
  DROP CONSTRAINT IF EXISTS currency_metadata_history_modified_by_fkey;
ALTER TABLE core.market_info
  DROP CONSTRAINT IF EXISTS market_info_modified_by_fkey;
ALTER TABLE audit.market_history
  DROP CONSTRAINT IF EXISTS market_history_modified_by_fkey;

ALTER TABLE core.country_metadata
  DROP CONSTRAINT IF EXISTS country_metadata_modified_by_fkey;
ALTER TABLE audit.country_metadata_history
  DROP CONSTRAINT IF EXISTS country_metadata_history_modified_by_fkey;

ALTER TABLE core.city_metadata
  DROP CONSTRAINT IF EXISTS city_metadata_modified_by_fkey;
ALTER TABLE audit.city_metadata_history
  DROP CONSTRAINT IF EXISTS city_metadata_history_modified_by_fkey;

-- -----------------------------------------------------------------------------
-- Wipe writable application state. external.* is NOT truncated here; it's
-- fully replaced by the COPY blocks below.
-- -----------------------------------------------------------------------------

TRUNCATE
  user_market_assignment,
  user_info,
  institution_info,
  market_info,
  core.country_metadata,
  core.city_metadata,
  core.currency_metadata,
  external.geonames_alternate_name,
  external.geonames_city,
  external.geonames_admin1,
  external.geonames_country,
  external.iso4217_currency
CASCADE;

-- =============================================================================
-- LOAD external.* FROM COMMITTED TSVs
-- =============================================================================
-- Generated by app/scripts/import_geonames.py. See app/db/seed/external/README.md.

\echo 'Loading external.iso4217_currency from TSV'
\copy external.iso4217_currency (code, name, numeric_code, minor_unit) FROM 'app/db/seed/external/iso4217_currencies.tsv' WITH (FORMAT csv, DELIMITER E'\t', HEADER false, QUOTE E'\b')

\echo 'Loading external.geonames_country from TSV'
\copy external.geonames_country (iso_alpha2, iso_alpha3, iso_numeric, fips, name, capital, area_sq_km, population, continent, tld, currency_code, currency_name, phone_prefix, postal_format, postal_regex, languages, geonames_id, neighbours, equivalent_fips) FROM 'app/db/seed/external/geonames_country_info.tsv' WITH (FORMAT csv, DELIMITER E'\t', HEADER false, QUOTE E'\b', NULL '')

\echo 'Loading external.geonames_admin1 from TSV'
\copy external.geonames_admin1 (admin1_full_code, country_iso, admin1_code, name, ascii_name, geonames_id) FROM 'app/db/seed/external/geonames_admin1_codes.tsv' WITH (FORMAT csv, DELIMITER E'\t', HEADER false, QUOTE E'\b', NULL '')

\echo 'Loading external.geonames_city from TSV'
\copy external.geonames_city (geonames_id, name, ascii_name, alternate_names, latitude, longitude, feature_class, feature_code, country_iso, cc2, admin1_code, admin2_code, admin3_code, admin4_code, population, elevation, dem, timezone, modification_date) FROM 'app/db/seed/external/geonames_cities5000.tsv' WITH (FORMAT csv, DELIMITER E'\t', HEADER false, QUOTE E'\b', NULL '')

\echo 'Loading external.geonames_alternate_name from TSV'
\copy external.geonames_alternate_name (alternate_name_id, geonames_id, iso_language, alternate_name, is_preferred, is_short, is_colloquial, is_historic) FROM 'app/db/seed/external/geonames_alternate_names.tsv' WITH (FORMAT csv, DELIMITER E'\t', HEADER false, QUOTE E'\b', NULL '')

-- =============================================================================
-- SYNTHETIC 'XG' GLOBAL MARKETPLACE ROWS
-- =============================================================================
-- Vianda uses 'XG' as a pseudo-country for internal/global institutions.
-- 'XG' is in ISO 3166-1's user-assigned X-series range (guaranteed to never
-- be assigned to a real country), so it will never collide with a real GeoNames
-- entry — unlike 'GL' which is real ISO 3166 Greenland.
-- The synthetic city uses geonames_id = -1 which never collides with real
-- GeoNames IDs (GeoNames uses positive integers). Documented as the "one
-- Vianda exception" in app/db/seed/external/README.md.

INSERT INTO external.geonames_country (
    iso_alpha2, iso_alpha3, iso_numeric, fips, name, capital,
    area_sq_km, population, continent, tld, currency_code, currency_name,
    phone_prefix, postal_format, postal_regex, languages, geonames_id,
    neighbours, equivalent_fips
) VALUES (
    'XG', 'XGL', 0, NULL, 'Global', NULL,
    NULL, NULL, NULL, NULL, 'USD', 'US Dollar',
    NULL, NULL, NULL, 'en', NULL,
    NULL, NULL
);

INSERT INTO external.geonames_city (
    geonames_id, name, ascii_name, alternate_names, latitude, longitude,
    feature_class, feature_code, country_iso, cc2, admin1_code, admin2_code,
    admin3_code, admin4_code, population, elevation, dem, timezone, modification_date
) VALUES (
    -1, 'Global', 'Global', NULL, 0, 0,
    'P', 'PPLC', 'XG', NULL, NULL, NULL,
    NULL, NULL, 0, NULL, NULL, 'UTC', CURRENT_DATE
);

-- =============================================================================
-- SEED APPLICATION-OWNED METADATA + OPERATIONAL ROWS
-- =============================================================================

-- 6 currency_metadata rows. UUIDs are preserved from the old credit_currency_info
-- seed for continuity (so tests and dev_fixtures that hardcoded these UUIDs still work).
-- Display name resolves via JOIN external.iso4217_currency ic ON ic.code = cm.currency_code.
-- credit_value_local_currency and currency_conversion_usd are Vianda pricing policy.
INSERT INTO core.currency_metadata (currency_metadata_id, currency_code, credit_value_local_currency, currency_conversion_usd, is_archived, status, created_date, created_by, modified_by, modified_date) VALUES
('55555555-5555-5555-5555-555555555555', 'USD', 1.0, 1.0, FALSE, 'active'::status_enum, CURRENT_TIMESTAMP, 'dddddddd-dddd-dddd-dddd-dddddddddddd', 'dddddddd-dddd-dddd-dddd-dddddddddddd', CURRENT_TIMESTAMP),
('66666666-6666-6666-6666-666666666601', 'ARS', 1.0, 1.0, FALSE, 'active'::status_enum, CURRENT_TIMESTAMP, 'dddddddd-dddd-dddd-dddd-dddddddddddd', 'dddddddd-dddd-dddd-dddd-dddddddddddd', CURRENT_TIMESTAMP),
('66666666-6666-6666-6666-666666666602', 'PEN', 1.0, 1.0, FALSE, 'active'::status_enum, CURRENT_TIMESTAMP, 'dddddddd-dddd-dddd-dddd-dddddddddddd', 'dddddddd-dddd-dddd-dddd-dddddddddddd', CURRENT_TIMESTAMP),
('66666666-6666-6666-6666-666666666603', 'CLP', 1.0, 1.0, FALSE, 'active'::status_enum, CURRENT_TIMESTAMP, 'dddddddd-dddd-dddd-dddd-dddddddddddd', 'dddddddd-dddd-dddd-dddd-dddddddddddd', CURRENT_TIMESTAMP),
('66666666-6666-6666-6666-666666666604', 'MXN', 1.0, 1.0, FALSE, 'active'::status_enum, CURRENT_TIMESTAMP, 'dddddddd-dddd-dddd-dddd-dddddddddddd', 'dddddddd-dddd-dddd-dddd-dddddddddddd', CURRENT_TIMESTAMP),
('66666666-6666-6666-6666-666666666605', 'BRL', 1.0, 1.0, FALSE, 'active'::status_enum, CURRENT_TIMESTAMP, 'dddddddd-dddd-dddd-dddd-dddddddddddd', 'dddddddd-dddd-dddd-dddd-dddddddddddd', CURRENT_TIMESTAMP);

-- Markets: country_name (PR2a) and timezone (PR2b) dropped. country_name derives via JOIN
-- external.geonames_country; operational timezone is per-restaurant on address_info.timezone
-- (populated at write time from external.geonames_city). Single-country fallback lookups
-- live in app/services/timezone_service._MARKET_PRIMARY_TIMEZONE.
-- currency_metadata_id FKs core.currency_metadata. Same UUIDs preserved.
-- kitchen_open_time + kitchen_close_time now live on billing.market_payout_aggregator (market defaults)
-- and billing.supplier_terms (per-supplier overrides). Restaurants inherit at create time.
INSERT INTO market_info (market_id, country_code, currency_metadata_id, language, phone_dial_code, phone_local_digits, is_archived, status, created_date, created_by, modified_by, modified_date) VALUES
('00000000-0000-0000-0000-000000000001', 'XG', '55555555-5555-5555-5555-555555555555', 'en', NULL,   NULL, FALSE, 'active'::status_enum, CURRENT_TIMESTAMP, 'dddddddd-dddd-dddd-dddd-dddddddddddd', 'dddddddd-dddd-dddd-dddd-dddddddddddd', CURRENT_TIMESTAMP),
('00000000-0000-0000-0000-000000000002', 'AR', '66666666-6666-6666-6666-666666666601', 'es', '+54',  10,   FALSE, 'active'::status_enum, CURRENT_TIMESTAMP, 'dddddddd-dddd-dddd-dddd-dddddddddddd', 'dddddddd-dddd-dddd-dddd-dddddddddddd', CURRENT_TIMESTAMP),
('00000000-0000-0000-0000-000000000003', 'PE', '66666666-6666-6666-6666-666666666602', 'es', '+51',  9,    FALSE, 'active'::status_enum, CURRENT_TIMESTAMP, 'dddddddd-dddd-dddd-dddd-dddddddddddd', 'dddddddd-dddd-dddd-dddd-dddddddddddd', CURRENT_TIMESTAMP),
('00000000-0000-0000-0000-000000000004', 'US', '55555555-5555-5555-5555-555555555555', 'en', '+1',   10,   FALSE, 'active'::status_enum, CURRENT_TIMESTAMP, 'dddddddd-dddd-dddd-dddd-dddddddddddd', 'dddddddd-dddd-dddd-dddd-dddddddddddd', CURRENT_TIMESTAMP),
('00000000-0000-0000-0000-000000000005', 'CL', '66666666-6666-6666-6666-666666666603', 'es', '+56',  9,    FALSE, 'active'::status_enum, CURRENT_TIMESTAMP, 'dddddddd-dddd-dddd-dddd-dddddddddddd', 'dddddddd-dddd-dddd-dddd-dddddddddddd', CURRENT_TIMESTAMP),
('00000000-0000-0000-0000-000000000006', 'MX', '66666666-6666-6666-6666-666666666604', 'es', '+52',  10,   FALSE, 'active'::status_enum, CURRENT_TIMESTAMP, 'dddddddd-dddd-dddd-dddd-dddddddddddd', 'dddddddd-dddd-dddd-dddd-dddddddddddd', CURRENT_TIMESTAMP),
('00000000-0000-0000-0000-000000000007', 'BR', '66666666-6666-6666-6666-666666666605', 'pt', '+55',  11,   FALSE, 'active'::status_enum, CURRENT_TIMESTAMP, 'dddddddd-dddd-dddd-dddd-dddddddddddd', 'dddddddd-dddd-dddd-dddd-dddddddddddd', CURRENT_TIMESTAMP);

-- Institutions: only Vianda Enterprises (employees) and Vianda Customers (B2C). Suppliers created via API.
-- market_id removed from institution_info — markets now assigned via core.institution_market junction.
INSERT INTO institution_info (institution_id, name, institution_type, is_archived, status, created_date, created_by, modified_by, modified_date)
VALUES (
  '11111111-1111-1111-1111-111111111111',           -- Vianda Enterprises (employees)
  'Vianda Enterprises',
  'internal'::institution_type_enum,
  False,
  'active'::status_enum,
  CURRENT_TIMESTAMP,
  'dddddddd-dddd-dddd-dddd-dddddddddddd',
  'dddddddd-dddd-dddd-dddd-dddddddddddd',
  CURRENT_TIMESTAMP
),
(
  '22222222-2222-2222-2222-222222222222',           -- Vianda Customers (B2C)
  'Vianda Customers',
  'customer'::institution_type_enum,
  False,
  'active'::status_enum,
  CURRENT_TIMESTAMP,
  'dddddddd-dddd-dddd-dddd-dddddddddddd',
  'dddddddd-dddd-dddd-dddd-dddddddddddd',
  CURRENT_TIMESTAMP
);

-- Assign markets to seed institutions via junction table
INSERT INTO core.institution_market (institution_id, market_id, is_primary)
VALUES
  ('11111111-1111-1111-1111-111111111111', '00000000-0000-0000-0000-000000000001', TRUE),  -- Vianda Enterprises → Global
  ('22222222-2222-2222-2222-222222222222', '00000000-0000-0000-0000-000000000001', TRUE);   -- Vianda Customers → Global

-- -----------------------------------------------------------------------------
-- city_metadata seed — one row for the Global synthetic city, plus 22 historic
-- signup cities resolved from external.geonames_city by (country_iso, ascii_name).
-- -----------------------------------------------------------------------------

-- Global synthetic city_metadata — uses the historic city_id UUID so user_info.city_metadata_id
-- DEFAULT value still resolves. References external.geonames_city.geonames_id = -1 (the synthetic GL row).
INSERT INTO core.city_metadata (city_metadata_id, geonames_id, country_iso, show_in_signup_picker, show_in_supplier_form, show_in_customer_form, is_served, status, created_date, created_by, modified_by, modified_date) VALUES
('aaaaaaaa-aaaa-aaaa-aaaa-aaaaaaaaaaaa', -1, 'XG', TRUE, FALSE, FALSE, FALSE, 'active'::status_enum, CURRENT_TIMESTAMP, 'dddddddd-dddd-dddd-dddd-dddddddddddd', 'dddddddd-dddd-dddd-dddd-dddddddddddd', CURRENT_TIMESTAMP);

-- 22 historic signup cities: resolve geonames_id via JOIN on external.geonames_city,
-- picking the most populous match when multiple cities share a name in the same country.
-- Each row gets all three audience flags TRUE + is_served=TRUE + status='active'
-- (preserving the semantics these cities had under the old core.city_info).
INSERT INTO core.city_metadata (
    geonames_id, country_iso,
    show_in_signup_picker, show_in_supplier_form, show_in_customer_form, is_served,
    status, created_by, modified_by
)
SELECT DISTINCT ON (v.country_iso, v.ascii_name)
    gc.geonames_id,
    v.country_iso,
    TRUE, TRUE, TRUE, TRUE,
    'active'::status_enum,
    'dddddddd-dddd-dddd-dddd-dddddddddddd',
    'dddddddd-dddd-dddd-dddd-dddddddddddd'
FROM (VALUES
    ('AR', 'Buenos Aires'),
    ('AR', 'Cordoba'),
    ('AR', 'La Plata'),
    ('AR', 'Mendoza'),
    ('AR', 'Posadas'),         -- legacy row was 'Misiones' (a province); use Posadas, capital of Misiones
    ('AR', 'Rosario'),
    ('AR', 'Ushuaia'),         -- legacy row was 'Tierra del Fuego' (a province); use Ushuaia, its capital
    ('BR', 'Rio de Janeiro'),
    ('BR', 'Sao Paulo'),
    ('CL', 'Santiago'),
    ('MX', 'Mexico City'),   -- canonical GeoNames name (was 'Mexico DF' in legacy city_info)
    ('MX', 'Monterrey'),
    ('PE', 'Arequipa'),
    ('PE', 'Lima'),
    ('PE', 'Trujillo'),
    ('US', 'Austin'),
    ('US', 'Chicago'),
    ('US', 'Los Angeles'),
    ('US', 'Miami'),
    ('US', 'New York City'),
    ('US', 'San Francisco'),
    ('US', 'Seattle')
) AS v(country_iso, ascii_name)
JOIN external.geonames_city gc
  ON gc.country_iso = v.country_iso
 AND LOWER(gc.ascii_name) = LOWER(v.ascii_name)
ORDER BY v.country_iso, v.ascii_name, gc.population DESC NULLS LAST;

-- -----------------------------------------------------------------------------
-- country_metadata seed — one row per real market + GL.
-- status='active' for the 6 operational markets + GL; audience flags enable
-- customer + supplier. modified_by is superadmin (FK temporarily dropped).
-- -----------------------------------------------------------------------------

INSERT INTO core.country_metadata (country_iso, market_id, is_customer_audience, is_supplier_audience, is_employer_audience, status, created_by, modified_by)
VALUES
    ('XG', '00000000-0000-0000-0000-000000000001', FALSE, FALSE, FALSE, 'active'::status_enum, 'dddddddd-dddd-dddd-dddd-dddddddddddd', 'dddddddd-dddd-dddd-dddd-dddddddddddd'),
    ('AR', '00000000-0000-0000-0000-000000000002', TRUE,  TRUE,  FALSE, 'active'::status_enum, 'dddddddd-dddd-dddd-dddd-dddddddddddd', 'dddddddd-dddd-dddd-dddd-dddddddddddd'),
    ('PE', '00000000-0000-0000-0000-000000000003', TRUE,  TRUE,  FALSE, 'active'::status_enum, 'dddddddd-dddd-dddd-dddd-dddddddddddd', 'dddddddd-dddd-dddd-dddd-dddddddddddd'),
    ('US', '00000000-0000-0000-0000-000000000004', TRUE,  TRUE,  FALSE, 'active'::status_enum, 'dddddddd-dddd-dddd-dddd-dddddddddddd', 'dddddddd-dddd-dddd-dddd-dddddddddddd'),
    ('CL', '00000000-0000-0000-0000-000000000005', TRUE,  TRUE,  FALSE, 'active'::status_enum, 'dddddddd-dddd-dddd-dddd-dddddddddddd', 'dddddddd-dddd-dddd-dddd-dddddddddddd'),
    ('MX', '00000000-0000-0000-0000-000000000006', TRUE,  TRUE,  FALSE, 'active'::status_enum, 'dddddddd-dddd-dddd-dddd-dddddddddddd', 'dddddddd-dddd-dddd-dddd-dddddddddddd'),
    ('BR', '00000000-0000-0000-0000-000000000007', TRUE,  TRUE,  FALSE, 'active'::status_enum, 'dddddddd-dddd-dddd-dddd-dddddddddddd', 'dddddddd-dddd-dddd-dddd-dddddddddddd');

-- -----------------------------------------------------------------------------
-- Seeded users: Super Admin (human), system bot (automated operations only).
-- Both get the Global city_metadata row (aaaaaaaa-aaaa-aaaa-aaaa-aaaaaaaaaaaa).
-- -----------------------------------------------------------------------------

INSERT INTO user_info (
  user_id, username, hashed_password, first_name, last_name, institution_id, role_type, role_name, email, mobile_number, email_verified, email_verified_at, market_id, city_metadata_id, locale, is_archived, status, created_date, created_by, modified_by, modified_date
) VALUES (
  'dddddddd-dddd-dddd-dddd-dddddddddddd',
  'superadmin',
  '$2b$12$H7UZ/eImB4SmjzNybAqKl.rL2JYyGZRlJhcHjivhNAz7qRIfAZLUq',   -- SuperAdmin1 (no special chars)
  'Super',
  'Admin',
  '11111111-1111-1111-1111-111111111111',
  'internal'::role_type_enum,
  'super_admin'::role_name_enum,
  'viandallc@gmail.com',
  '+14155552671',
  TRUE,
  CURRENT_TIMESTAMP,
  '00000000-0000-0000-0000-000000000001',
  'aaaaaaaa-aaaa-aaaa-aaaa-aaaaaaaaaaaa',
  'en',
  FALSE,
  'active'::status_enum,
  CURRENT_TIMESTAMP,
  'dddddddd-dddd-dddd-dddd-dddddddddddd',
  'dddddddd-dddd-dddd-dddd-dddddddddddd',
  CURRENT_TIMESTAMP
),
(
  'bbbbbbbb-bbbb-bbbb-bbbb-bbbbbbbbbbbb',
  'system_bot',
  '$2b$12$EixZaYVK1fsbw1ZfbX3OXePaWxn96p36WQoeG6Lruj3VjGgaSTlF.K',
  'System',
  'Bot',
  '11111111-1111-1111-1111-111111111111',
  'internal'::role_type_enum,
  'admin'::role_name_enum,
  'admin@vianda.market',
  NULL,
  TRUE,
  CURRENT_TIMESTAMP,
  '00000000-0000-0000-0000-000000000001',
  'aaaaaaaa-aaaa-aaaa-aaaa-aaaaaaaaaaaa',
  'en',
  FALSE,
  'active'::status_enum,
  CURRENT_TIMESTAMP,
  'dddddddd-dddd-dddd-dddd-dddddddddddd',
  'dddddddd-dddd-dddd-dddd-dddddddddddd',
  CURRENT_TIMESTAMP
);

-- Populate user_market_assignment so the Super Admin has market scope (e.g. get_assigned_market_ids).
INSERT INTO user_market_assignment (user_id, market_id, is_primary)
SELECT user_id, market_id, true FROM user_info WHERE user_id = 'dddddddd-dddd-dddd-dddd-dddddddddddd';

-- Market payout aggregators (require_invoice and max_unmatched_bill_days default to FALSE/30;
-- kitchen_open_time/kitchen_close_time are market-level defaults for supplier terms)
INSERT INTO billing.market_payout_aggregator (market_id, aggregator, is_active, require_invoice, max_unmatched_bill_days, kitchen_open_time, kitchen_close_time, notes, modified_by)
SELECT market_id, 'stripe', TRUE, FALSE, 30, '09:00'::TIME, '13:30'::TIME, 'Stripe Connect supported', 'dddddddd-dddd-dddd-dddd-dddddddddddd'::UUID
FROM core.market_info WHERE country_code IN ('AR', 'BR', 'CL', 'MX', 'US');

INSERT INTO billing.market_payout_aggregator (market_id, aggregator, is_active, require_invoice, max_unmatched_bill_days, kitchen_open_time, kitchen_close_time, notes, modified_by)
SELECT market_id, 'none', FALSE, FALSE, 30, '09:00'::TIME, '13:30'::TIME, 'Stripe Connect not supported — alternative TBD (dLocal, Culqi, Niubiz)', 'dddddddd-dddd-dddd-dddd-dddddddddddd'::UUID
FROM core.market_info WHERE country_code = 'PE';

-- No address_info, plan_info, subscription_info, national_holidays in seed; create via API.

-- -----------------------------------------------------------------------------
-- Re-add FKs that were dropped for seed ordering
-- -----------------------------------------------------------------------------

ALTER TABLE institution_info
  ADD CONSTRAINT fk_institution_info_modified_by FOREIGN KEY (modified_by) REFERENCES user_info(user_id) ON DELETE RESTRICT,
  ADD CONSTRAINT fk_institution_info_created_by FOREIGN KEY (created_by) REFERENCES user_info(user_id) ON DELETE SET NULL;

ALTER TABLE institution_history
  ADD CONSTRAINT fk_institution_history_modified_by FOREIGN KEY (modified_by) REFERENCES user_info(user_id) ON DELETE RESTRICT,
  ADD CONSTRAINT fk_institution_history_created_by FOREIGN KEY (created_by) REFERENCES user_info(user_id) ON DELETE RESTRICT;

ALTER TABLE user_info
  ADD CONSTRAINT fk_user_info_modified_by FOREIGN KEY (modified_by) REFERENCES user_info(user_id) ON DELETE RESTRICT,
  ADD CONSTRAINT fk_user_info_institution_id FOREIGN KEY (institution_id) REFERENCES institution_info(institution_id) ON DELETE RESTRICT,
  ADD CONSTRAINT user_info_market_id_fkey FOREIGN KEY (market_id) REFERENCES market_info(market_id) ON DELETE RESTRICT,
  ADD CONSTRAINT user_info_city_metadata_id_fkey FOREIGN KEY (city_metadata_id) REFERENCES core.city_metadata(city_metadata_id) ON DELETE RESTRICT;

ALTER TABLE core.currency_metadata
  ADD CONSTRAINT currency_metadata_modified_by_fkey FOREIGN KEY (modified_by) REFERENCES user_info(user_id) ON DELETE RESTRICT;
ALTER TABLE audit.currency_metadata_history
  ADD CONSTRAINT currency_metadata_history_modified_by_fkey FOREIGN KEY (modified_by) REFERENCES user_info(user_id) ON DELETE RESTRICT;
ALTER TABLE core.market_info
  ADD CONSTRAINT market_info_modified_by_fkey FOREIGN KEY (modified_by) REFERENCES user_info(user_id) ON DELETE RESTRICT;
ALTER TABLE audit.market_history
  ADD CONSTRAINT market_history_modified_by_fkey FOREIGN KEY (modified_by) REFERENCES user_info(user_id) ON DELETE RESTRICT;

ALTER TABLE core.country_metadata
  ADD CONSTRAINT country_metadata_modified_by_fkey FOREIGN KEY (modified_by) REFERENCES user_info(user_id) ON DELETE RESTRICT;
ALTER TABLE audit.country_metadata_history
  ADD CONSTRAINT country_metadata_history_modified_by_fkey FOREIGN KEY (modified_by) REFERENCES user_info(user_id) ON DELETE RESTRICT;

ALTER TABLE core.city_metadata
  ADD CONSTRAINT city_metadata_modified_by_fkey FOREIGN KEY (modified_by) REFERENCES user_info(user_id) ON DELETE RESTRICT;
ALTER TABLE audit.city_metadata_history
  ADD CONSTRAINT city_metadata_history_modified_by_fkey FOREIGN KEY (modified_by) REFERENCES user_info(user_id) ON DELETE RESTRICT;

-- role_info, role_history, status_info, status_history, transaction_type_info, transaction_type_history
-- tables removed - no foreign key constraints needed

-- ============================================================================
-- CUISINE SEED DATA
-- 15 parent cuisines + 7 child cuisines = 22 records
-- All authored by bot_chef (bbbbbbbb-bbbb-bbbb-bbbb-bbbbbbbbbbbb)
-- ============================================================================

\echo 'Seeding cuisine data (15 parents + 7 children)'

-- Parent cuisines (hardcoded UUIDs so children can reference them)
INSERT INTO cuisine (cuisine_id, cuisine_name, cuisine_name_i18n, slug, parent_cuisine_id, description, origin_source, display_order, is_archived, status, created_by, modified_by, modified_date) VALUES
-- Market cuisines
('c0000001-0000-0000-0000-000000000001', 'Argentinean',  '{"en": "Argentinean", "es": "Argentina", "pt": "Argentina"}',      'argentinean',  NULL, NULL, 'seed', 1,  FALSE, 'active'::status_enum, 'bbbbbbbb-bbbb-bbbb-bbbb-bbbbbbbbbbbb', 'bbbbbbbb-bbbb-bbbb-bbbb-bbbbbbbbbbbb', CURRENT_TIMESTAMP),
('c0000001-0000-0000-0000-000000000002', 'Peruvian',     '{"en": "Peruvian", "es": "Peruana", "pt": "Peruana"}',              'peruvian',     NULL, NULL, 'seed', 2,  FALSE, 'active'::status_enum, 'bbbbbbbb-bbbb-bbbb-bbbb-bbbbbbbbbbbb', 'bbbbbbbb-bbbb-bbbb-bbbb-bbbbbbbbbbbb', CURRENT_TIMESTAMP),
('c0000001-0000-0000-0000-000000000003', 'American',     '{"en": "American", "es": "Americana", "pt": "Americana"}',          'american',     NULL, NULL, 'seed', 3,  FALSE, 'active'::status_enum, 'bbbbbbbb-bbbb-bbbb-bbbb-bbbbbbbbbbbb', 'bbbbbbbb-bbbb-bbbb-bbbb-bbbbbbbbbbbb', CURRENT_TIMESTAMP),
-- Global classics
('c0000001-0000-0000-0000-000000000004', 'Chinese',      '{"en": "Chinese", "es": "China", "pt": "Chinesa"}',                 'chinese',      NULL, NULL, 'seed', 4,  FALSE, 'active'::status_enum, 'bbbbbbbb-bbbb-bbbb-bbbb-bbbbbbbbbbbb', 'bbbbbbbb-bbbb-bbbb-bbbb-bbbbbbbbbbbb', CURRENT_TIMESTAMP),
('c0000001-0000-0000-0000-000000000005', 'Japanese',     '{"en": "Japanese", "es": "Japonesa", "pt": "Japonesa"}',             'japanese',     NULL, NULL, 'seed', 5,  FALSE, 'active'::status_enum, 'bbbbbbbb-bbbb-bbbb-bbbb-bbbbbbbbbbbb', 'bbbbbbbb-bbbb-bbbb-bbbb-bbbbbbbbbbbb', CURRENT_TIMESTAMP),
('c0000001-0000-0000-0000-000000000006', 'Indian',       '{"en": "Indian", "es": "India", "pt": "Indiana"}',                  'indian',       NULL, NULL, 'seed', 6,  FALSE, 'active'::status_enum, 'bbbbbbbb-bbbb-bbbb-bbbb-bbbbbbbbbbbb', 'bbbbbbbb-bbbb-bbbb-bbbb-bbbbbbbbbbbb', CURRENT_TIMESTAMP),
('c0000001-0000-0000-0000-000000000007', 'African',      '{"en": "African", "es": "Africana", "pt": "Africana"}',              'african',      NULL, NULL, 'seed', 7,  FALSE, 'active'::status_enum, 'bbbbbbbb-bbbb-bbbb-bbbb-bbbbbbbbbbbb', 'bbbbbbbb-bbbb-bbbb-bbbb-bbbbbbbbbbbb', CURRENT_TIMESTAMP),
('c0000001-0000-0000-0000-000000000008', 'Italian',      '{"en": "Italian", "es": "Italiana", "pt": "Italiana"}',              'italian',      NULL, NULL, 'seed', 8,  FALSE, 'active'::status_enum, 'bbbbbbbb-bbbb-bbbb-bbbb-bbbbbbbbbbbb', 'bbbbbbbb-bbbb-bbbb-bbbb-bbbbbbbbbbbb', CURRENT_TIMESTAMP),
('c0000001-0000-0000-0000-000000000009', 'Spaniard',     '{"en": "Spaniard", "es": "Española", "pt": "Espanhola"}',            'spaniard',     NULL, NULL, 'seed', 9,  FALSE, 'active'::status_enum, 'bbbbbbbb-bbbb-bbbb-bbbb-bbbbbbbbbbbb', 'bbbbbbbb-bbbb-bbbb-bbbb-bbbbbbbbbbbb', CURRENT_TIMESTAMP),
('c0000001-0000-0000-0000-000000000010', 'English',      '{"en": "English", "es": "Inglesa", "pt": "Inglesa"}',                'english',      NULL, NULL, 'seed', 10, FALSE, 'active'::status_enum, 'bbbbbbbb-bbbb-bbbb-bbbb-bbbbbbbbbbbb', 'bbbbbbbb-bbbb-bbbb-bbbb-bbbbbbbbbbbb', CURRENT_TIMESTAMP),
('c0000001-0000-0000-0000-000000000011', 'French',       '{"en": "French", "es": "Francesa", "pt": "Francesa"}',               'french',       NULL, NULL, 'seed', 11, FALSE, 'active'::status_enum, 'bbbbbbbb-bbbb-bbbb-bbbb-bbbbbbbbbbbb', 'bbbbbbbb-bbbb-bbbb-bbbb-bbbbbbbbbbbb', CURRENT_TIMESTAMP),
('c0000001-0000-0000-0000-000000000012', 'Portuguese',   '{"en": "Portuguese", "es": "Portuguesa", "pt": "Portuguesa"}',       'portuguese',   NULL, NULL, 'seed', 12, FALSE, 'active'::status_enum, 'bbbbbbbb-bbbb-bbbb-bbbb-bbbbbbbbbbbb', 'bbbbbbbb-bbbb-bbbb-bbbb-bbbbbbbbbbbb', CURRENT_TIMESTAMP),
('c0000001-0000-0000-0000-000000000013', 'German',       '{"en": "German", "es": "Alemana", "pt": "Alemã"}',                   'german',       NULL, NULL, 'seed', 13, FALSE, 'active'::status_enum, 'bbbbbbbb-bbbb-bbbb-bbbb-bbbbbbbbbbbb', 'bbbbbbbb-bbbb-bbbb-bbbb-bbbbbbbbbbbb', CURRENT_TIMESTAMP),
('c0000001-0000-0000-0000-000000000014', 'Polish',       '{"en": "Polish", "es": "Polaca", "pt": "Polonesa"}',                 'polish',       NULL, NULL, 'seed', 14, FALSE, 'active'::status_enum, 'bbbbbbbb-bbbb-bbbb-bbbb-bbbbbbbbbbbb', 'bbbbbbbb-bbbb-bbbb-bbbb-bbbbbbbbbbbb', CURRENT_TIMESTAMP),
('c0000001-0000-0000-0000-000000000015', 'Russian',      '{"en": "Russian", "es": "Rusa", "pt": "Russa"}',                     'russian',      NULL, NULL, 'seed', 15, FALSE, 'active'::status_enum, 'bbbbbbbb-bbbb-bbbb-bbbb-bbbbbbbbbbbb', 'bbbbbbbb-bbbb-bbbb-bbbb-bbbbbbbbbbbb', CURRENT_TIMESTAMP);

-- Child cuisines (reference parent UUIDs above)
INSERT INTO cuisine (cuisine_name, cuisine_name_i18n, slug, parent_cuisine_id, description, origin_source, display_order, is_archived, status, created_by, modified_by, modified_date) VALUES
('Poke',     '{"en": "Poke", "es": "Poke", "pt": "Poke"}',                   'poke',     'c0000001-0000-0000-0000-000000000005', NULL, 'seed', NULL, FALSE, 'active'::status_enum, 'bbbbbbbb-bbbb-bbbb-bbbb-bbbbbbbbbbbb', 'bbbbbbbb-bbbb-bbbb-bbbb-bbbbbbbbbbbb', CURRENT_TIMESTAMP),
('Tapas',    '{"en": "Tapas", "es": "Tapas", "pt": "Tapas"}',                 'tapas',    'c0000001-0000-0000-0000-000000000009', NULL, 'seed', NULL, FALSE, 'active'::status_enum, 'bbbbbbbb-bbbb-bbbb-bbbb-bbbbbbbbbbbb', 'bbbbbbbb-bbbb-bbbb-bbbb-bbbbbbbbbbbb', CURRENT_TIMESTAMP),
('Pizza',    '{"en": "Pizza", "es": "Pizza", "pt": "Pizza"}',                 'pizza',    'c0000001-0000-0000-0000-000000000008', NULL, 'seed', NULL, FALSE, 'active'::status_enum, 'bbbbbbbb-bbbb-bbbb-bbbb-bbbbbbbbbbbb', 'bbbbbbbb-bbbb-bbbb-bbbb-bbbbbbbbbbbb', CURRENT_TIMESTAMP),
('Burger',   '{"en": "Burger", "es": "Hamburguesa", "pt": "Hambúrguer"}',     'burger',   'c0000001-0000-0000-0000-000000000003', NULL, 'seed', NULL, FALSE, 'active'::status_enum, 'bbbbbbbb-bbbb-bbbb-bbbb-bbbbbbbbbbbb', 'bbbbbbbb-bbbb-bbbb-bbbb-bbbbbbbbbbbb', CURRENT_TIMESTAMP),
('Minutas',  '{"en": "Minutas", "es": "Minutas", "pt": "Minutas"}',           'minutas',  'c0000001-0000-0000-0000-000000000001', NULL, 'seed', NULL, FALSE, 'active'::status_enum, 'bbbbbbbb-bbbb-bbbb-bbbb-bbbbbbbbbbbb', 'bbbbbbbb-bbbb-bbbb-bbbb-bbbbbbbbbbbb', CURRENT_TIMESTAMP),
('Chifa',    '{"en": "Chifa", "es": "Chifa", "pt": "Chifa"}',                 'chifa',    'c0000001-0000-0000-0000-000000000002', NULL, 'seed', NULL, FALSE, 'active'::status_enum, 'bbbbbbbb-bbbb-bbbb-bbbb-bbbbbbbbbbbb', 'bbbbbbbb-bbbb-bbbb-bbbb-bbbbbbbbbbbb', CURRENT_TIMESTAMP),
('Seafood',  '{"en": "Seafood", "es": "Mariscos", "pt": "Frutos do Mar"}',    'seafood',  'c0000001-0000-0000-0000-000000000002', NULL, 'seed', NULL, FALSE, 'active'::status_enum, 'bbbbbbbb-bbbb-bbbb-bbbb-bbbbbbbbbbbb', 'bbbbbbbb-bbbb-bbbb-bbbb-bbbbbbbbbbbb', CURRENT_TIMESTAMP);

-- Referral config per market (exclude Global)
INSERT INTO customer.referral_config (market_id, is_enabled, referrer_bonus_rate, referrer_bonus_cap, referrer_monthly_cap, min_plan_price_to_qualify, cooldown_days, held_reward_expiry_hours, pending_expiry_days, modified_by) VALUES
('00000000-0000-0000-0000-000000000002', TRUE, 15, NULL, 5, 0, 0, 48, 90, 'dddddddd-dddd-dddd-dddd-dddddddddddd'),
('00000000-0000-0000-0000-000000000003', TRUE, 15, NULL, 5, 0, 0, 48, 90, 'dddddddd-dddd-dddd-dddd-dddddddddddd'),
('00000000-0000-0000-0000-000000000004', TRUE, 15, NULL, 5, 0, 0, 48, 90, 'dddddddd-dddd-dddd-dddd-dddddddddddd'),
('00000000-0000-0000-0000-000000000005', TRUE, 15, NULL, 5, 0, 0, 48, 90, 'dddddddd-dddd-dddd-dddd-dddddddddddd'),
('00000000-0000-0000-0000-000000000006', TRUE, 15, NULL, 5, 0, 0, 48, 90, 'dddddddd-dddd-dddd-dddd-dddddddddddd'),
('00000000-0000-0000-0000-000000000007', TRUE, 15, NULL, 5, 0, 0, 48, 90, 'dddddddd-dddd-dddd-dddd-dddddddddddd');
